Time,Ry,Ay,Vy,Y
0,666.4,-1.67187E-15,0,0
0.001,665.990234,-0.006025971,-6.02597E-06,-6.02597E-09
0.002,664.75177,-0.024238676,-3.02646E-05,-3.62906E-08
0.003,663.540985,-0.042044338,-7.2309E-05,-1.086E-07
0.004,662.355041,-0.059484691,-0.000131794,-2.40393E-07
0.005,661.187745,-0.076650809,-0.000208444,-4.48838E-07
0.006,660.030456,-0.093669765,-0.000302114,-7.50952E-07
0.007,658.874054,-0.110675676,-0.00041279,-1.16374E-06
0.008,657.710877,-0.127781221,-0.000540571,-1.70431E-06
0.009,656.536255,-0.145055074,-0.000685626,-2.38994E-06
0.01,655.348663,-0.162519662,-0.000848146,-3.23809E-06
0.011,654.149597,-0.180152985,-0.001028299,-4.26638E-06
0.012,652.941803,-0.197914662,-0.001226214,-5.4926E-06
0.013,651.728333,-0.215759809,-0.001441973,-6.93457E-06
0.014,650.511749,-0.23365075,-0.001675624,-8.6102E-06
0.015,649.294006,-0.251558735,-0.001927183,-1.05374E-05
0.016,648.077149,-0.269453691,-0.002196637,-1.2734E-05
0.017,646.864044,-0.287293471,-0.00248393,-1.52179E-05
0.018,645.658173,-0.305026868,-0.002788957,-1.80069E-05
0.019,644.463532,-0.322595118,-0.003111552,-2.11185E-05
0.02,643.283722,-0.339945265,-0.003451497,-2.457E-05
0.021,642.120544,-0.357050824,-0.003808548,-2.83785E-05
0.022,640.973938,-0.373912676,-0.004182461,-3.2561E-05
0.023,639.842102,-0.390557324,-0.004573018,-3.7134E-05
0.024,638.722565,-0.407021103,-0.004980039,-4.2114E-05
0.025,637.613342,-0.423333206,-0.005403372,-4.75174E-05
0.026,636.513672,-0.439504824,-0.005842877,-5.33603E-05
0.027,635.423675,-0.455534191,-0.006298411,-5.96587E-05
0.028,634.343293,-0.471422162,-0.006769834,-6.64285E-05
0.029,633.27121,-0.487188088,-0.007257022,-7.36855E-05
0.03,632.203674,-0.502887147,-0.007759909,-8.14454E-05
0.031,631.134277,-0.518613574,-0.008278522,-8.9724E-05
0.032,630.055053,-0.534484515,-0.008813007,-9.8537E-05
0.033,628.957581,-0.550623809,-0.009363631,-0.000107901
0.034,627.834625,-0.567137868,-0.009930769,-0.000117831
0.035,626.681427,-0.584096662,-0.010514865,-0.000128346
0.036,625.495789,-0.601532515,-0.011116398,-0.000139463
0.037,624.278229,-0.619437809,-0.011735836,-0.000151198
0.038,623.031342,-0.637774382,-0.01237361,-0.000163572
0.039,621.758515,-0.656492426,-0.013030102,-0.000176602
0.04,620.463348,-0.675539,-0.013705641,-0.000190308
0.041,619.148682,-0.694872324,-0.014400514,-0.000204708
0.042,617.815399,-0.714479426,-0.015114993,-0.000219823
0.043,616.461823,-0.734384956,-0.015849378,-0.000235673
0.044,615.082611,-0.754667485,-0.016604046,-0.000252277
0.045,613.668487,-0.775463426,-0.017379509,-0.000269656
0.046,612.206543,-0.796962603,-0.018176472,-0.000287833
0.047,610.681671,-0.819387191,-0.018995859,-0.000306829
0.048,609.078461,-0.842963809,-0.019838823,-0.000326667
0.049,607.383789,-0.867885456,-0.020706708,-0.000347374
0.05,605.589264,-0.894275529,-0.021600984,-0.000368975
0.051,603.692169,-0.922173985,-0.022523158,-0.000391498
0.052,601.695771,-0.951532779,-0.02347469,-0.000414973
0.053,599.608215,-0.982232132,-0.024456922,-0.00043943
0.054,597.440368,-1.014112235,-0.025471035,-0.000464901
0.055,595.203552,-1.047006588,-0.026518041,-0.000491419
0.056,592.907898,-1.080766206,-0.027598807,-0.000519018
0.057,590.560791,-1.115282485,-0.02871409,-0.000547732
0.058,588.167114,-1.150483618,-0.029864574,-0.000577596
0.059,585.729004,-1.186338176,-0.031050912,-0.000608647
0.06,583.246216,-1.222849765,-0.032273762,-0.000640921
0.061,580.7164,-1.260052941,-0.033533814,-0.000674455
0.062,578.134949,-1.298015456,-0.03483183,-0.000709287
0.063,575.495117,-1.336836515,-0.036168666,-0.000745455
0.064,572.788452,-1.376640412,-0.037545307,-0.000783001
0.065,570.005341,-1.417568515,-0.038962875,-0.000821964
0.066,567.136536,-1.459756824,-0.040422632,-0.000862386
0.067,564.174774,-1.503312147,-0.041925944,-0.000904312
0.068,561.116577,-1.548285632,-0.04347423,-0.000947786
0.069,557.962952,-1.594662471,-0.045068892,-0.000992855
0.07,554.719757,-1.642356515,-0.046711249,-0.001039567
0.071,551.396698,-1.691225029,-0.048402474,-0.001087969
0.072,548.004974,-1.741103324,-0.050143577,-0.001138113
0.073,544.555084,-1.791837,-0.051935414,-0.001190048
0.074,541.055267,-1.843304897,-0.053778719,-0.001243827
0.075,537.510025,-1.895440809,-0.05567416,-0.001299501
0.076,533.920883,-1.948222309,-0.057622382,-0.001357123
0.077,530.287384,-2.001656118,-0.059624038,-0.001416747
0.078,526.6082,-2.055761765,-0.0616798,-0.001478427
0.079,522.882523,-2.110551132,-0.063790351,-0.001542217
0.08,519.110702,-2.166019088,-0.06595637,-0.001608174
0.081,515.294022,-2.222146735,-0.068178517,-0.001676352
0.082,511.434723,-2.278901132,-0.070457418,-0.00174681
0.083,507.53569,-2.336239853,-0.072793658,-0.001819603
0.084,503.599976,-2.394118,-0.075187776,-0.001894791
0.085,499.63034,-2.452495,-0.077640271,-0.001972431
0.086,495.628266,-2.511349029,-0.08015162,-0.002052583
0.087,491.592895,-2.570692721,-0.082722313,-0.002135305
0.088,487.519654,-2.630593324,-0.085352906,-0.002220658
0.089,483.399933,-2.691177456,-0.088044084,-0.002308702
0.09,479.221497,-2.752625044,-0.090796709,-0.002399499
0.091,474.970291,-2.815142779,-0.093611851,-0.002493111
0.092,470.633835,-2.878914191,-0.096490766,-0.002589602
0.093,466.20404,-2.944058235,-0.099434824,-0.002689037
0.094,461.679748,-3.010591941,-0.102445416,-0.002791482
0.095,457.067413,-3.078420397,-0.105523836,-0.002897006
0.096,452.379883,-3.147354662,-0.108671191,-0.003005677
0.097,447.633926,-3.217148147,-0.111888339,-0.003117565
0.098,442.847092,-3.287542765,-0.115175882,-0.003232741
0.099,438.035401,-3.358302926,-0.118534185,-0.003351275
0.1,433.212188,-3.429232529,-0.121963417,-0.003473239
0.101,428.388123,-3.500174662,-0.125463592,-0.003598702
0.102,423.572616,-3.570990941,-0.129034583,-0.003727737
0.103,418.774735,-3.641548015,-0.132676131,-0.003860413
0.104,414.003998,-3.711705912,-0.136387837,-0.003996801
0.105,409.270722,-3.781312912,-0.14016915,-0.00413697
0.106,404.584656,-3.850225647,-0.144019375,-0.004280989
0.107,399.95372,-3.918327647,-0.147937703,-0.004428927
0.108,395.382446,-3.985552265,-0.151923255,-0.00458085
0.109,390.870575,-4.051903309,-0.155975159,-0.004736826
0.11,386.412582,-4.117462029,-0.160092621,-0.004896918
0.111,381.998306,-4.182377853,-0.164274998,-0.005061193
0.112,377.614166,-4.2468505,-0.168521849,-0.005229715
0.113,373.245941,-4.311089103,-0.172832938,-0.005402548
0.114,368.881256,-4.375275647,-0.177208214,-0.005579756
0.115,364.51207,-4.439528382,-0.181647742,-0.005761404
0.116,360.136307,-4.503877838,-0.18615162,-0.005947556
0.117,355.758545,-4.568256691,-0.190719877,-0.006138275
0.118,351.389267,-4.632510779,-0.195352387,-0.006333628
0.119,347.043274,-4.696422441,-0.20004881,-0.006533677
0.12,342.737427,-4.759743721,-0.204808554,-0.006738485
0.121,338.488175,-4.822232721,-0.209630786,-0.006948116
0.122,334.309097,-4.88368975,-0.214514476,-0.00716263
0.123,330.209229,-4.943981926,-0.219458458,-0.007382089
0.124,326.191879,-5.003060603,-0.224461519,-0.00760655
0.125,322.254364,-5.060965235,-0.229522484,-0.007836073
0.126,318.388885,-5.117810515,-0.234640294,-0.008070713
0.127,314.583496,-5.173772118,-0.239814066,-0.008310527
0.128,310.823746,-5.229062559,-0.245043129,-0.00855557
0.129,307.094574,-5.283903324,-0.250327032,-0.008805897
0.13,303.381684,-5.338504647,-0.255665537,-0.009061563
0.131,299.673325,-5.393039338,-0.261058576,-0.009322622
0.132,295.961837,-5.447620044,-0.266506196,-0.009589128
0.133,292.244248,-5.502290471,-0.272008487,-0.009861136
0.134,288.522812,-5.557017471,-0.277565504,-0.010138702
0.135,284.803833,-5.611708338,-0.283177213,-0.010421879
0.136,281.095749,-5.666238985,-0.288843452,-0.010710722
0.137,277.406037,-5.720499456,-0.294563951,-0.011005286
0.138,273.738388,-5.774435471,-0.300338387,-0.011305625
0.139,270.091141,-5.828071456,-0.306166458,-0.011611791
0.14,266.456726,-5.881518735,-0.312047977,-0.011923839
0.141,262.823181,-5.934953221,-0.31798293,-0.012241822
0.142,259.17723,-5.988570147,-0.3239715,-0.012565794
0.143,255.507187,-6.042541368,-0.330014041,-0.012895808
0.144,251.805786,-6.096973735,-0.336111015,-0.013231919
0.145,248.072037,-6.151881809,-0.342262897,-0.013574182
0.146,244.310989,-6.207191338,-0.348470088,-0.013922652
0.147,240.532791,-6.262753074,-0.354732841,-0.014277384
0.148,236.750397,-6.318376515,-0.361051218,-0.014638436
0.149,232.976852,-6.373869824,-0.367425088,-0.015005861
0.15,229.223205,-6.429070515,-0.373854158,-0.015379715
0.151,225.497528,-6.483859882,-0.380338018,-0.015760053
0.152,221.80513,-6.538159853,-0.386876178,-0.016146929
0.153,218.150009,-6.591911632,-0.39346809,-0.016540397
0.154,214.536606,-6.645049912,-0.40011314,-0.01694051
0.155,210.970825,-6.697487868,-0.406810627,-0.017347321
0.156,207.459899,-6.749119132,-0.413559747,-0.017760881
0.157,204.011032,-6.799837765,-0.420359584,-0.01818124
0.158,200.629105,-6.849571985,-0.427209156,-0.018608449
0.159,197.314773,-6.898312162,-0.434107468,-0.019042557
0.16,194.064011,-6.946117485,-0.441053586,-0.019483611
0.161,190.868744,-6.993106706,-0.448046693,-0.019931657
0.162,187.719009,-7.039426338,-0.455086119,-0.020386743
0.163,184.606247,-7.08520225,-0.462171321,-0.020848915
0.164,181.525208,-7.130511647,-0.469301833,-0.021318217
0.165,178.475846,-7.175355206,-0.476477188,-0.021794694
0.166,175.463288,-7.219657529,-0.483696846,-0.022278391
0.167,172.496231,-7.263290721,-0.490960136,-0.022769351
0.168,169.584946,-7.306103735,-0.49826624,-0.023267617
0.169,166.738632,-7.347961294,-0.505614201,-0.023773231
0.17,163.963104,-7.388777882,-0.513002979,-0.024286234
0.171,161.259674,-7.428534206,-0.520431513,-0.024806666
0.172,158.625015,-7.467279191,-0.527898793,-0.025334564
0.173,156.052414,-7.505111559,-0.535403904,-0.025869968
0.174,153.533707,-7.542151368,-0.542946056,-0.026412914
0.175,151.061691,-7.578504544,-0.55052456,-0.026963439
0.176,148.632065,-7.614234338,-0.558138794,-0.027521578
0.177,146.244537,-7.649345044,-0.56578814,-0.028087366
0.178,143.902679,-7.683784132,-0.573471924,-0.028660838
0.179,141.612564,-7.717462294,-0.581189386,-0.029242027
0.18,139.380585,-7.750285515,-0.588939671,-0.029830967
0.181,137.211731,-7.782180426,-0.596721852,-0.030427689
0.182,135.108032,-7.813117176,-0.604534969,-0.031032224
0.183,133.06842,-7.843111471,-0.612378081,-0.031644602
0.184,131.089692,-7.872210412,-0.620250291,-0.032264852
0.185,129.167618,-7.900476206,-0.628150767,-0.032893003
0.186,127.29866,-7.927960882,-0.636078728,-0.033529082
0.187,125.480911,-7.954692485,-0.644033421,-0.034173115
0.188,123.714065,-7.980675515,-0.652014096,-0.034825129
0.189,121.999039,-8.005896485,-0.660019993,-0.035485149
0.19,120.337174,-8.030335676,-0.668050328,-0.036153199
0.191,118.729049,-8.053984574,-0.676104313,-0.036829304
0.192,117.174103,-8.076851426,-0.684181164,-0.037513485
0.193,115.670822,-8.0989585,-0.692280123,-0.038205765
0.194,114.217637,-8.120328868,-0.700400452,-0.038906165
0.195,112.814408,-8.140964588,-0.708541416,-0.039614707
0.196,111.463516,-8.160830647,-0.716702247,-0.040331409
0.197,110.170761,-8.17984175,-0.724882089,-0.041056291
0.198,108.944259,-8.197878544,-0.733079967,-0.041789371
0.199,107.793182,-8.214806147,-0.741294773,-0.042530666
0.2,106.725098,-8.230513265,-0.749525287,-0.043280191
0.201,105.743957,-8.244941809,-0.757770228,-0.044037961
0.202,104.849427,-8.258096662,-0.766028325,-0.04480399
0.203,104.036926,-8.270045206,-0.77429837,-0.045578288
0.204,103.299119,-8.280895309,-0.782579265,-0.046360867
0.205,102.62764,-8.29077,-0.790870035,-0.047151737
0.206,102.014099,-8.299792662,-0.799169828,-0.047950907
0.207,101.451035,-8.308073015,-0.807477901,-0.048758385
0.208,100.932281,-8.31570175,-0.815793603,-0.049574179
0.209,100.453049,-8.322749279,-0.824116352,-0.050398295
0.21,100.010987,-8.329250191,-0.832445602,-0.051230741
0.211,99.607102,-8.335189676,-0.840780792,-0.052071522
0.212,99.246109,-8.340498397,-0.84912129,-0.052920643
0.213,98.936294,-8.3450545,-0.857466345,-0.053778109
0.214,98.687897,-8.348707397,-0.865815052,-0.054643924
0.215,98.510712,-8.351313059,-0.874166365,-0.055518091
0.216,98.411499,-8.352772074,-0.882519137,-0.05640061
0.217,98.391983,-8.353059074,-0.890872197,-0.057291482
0.218,98.447983,-8.352235544,-0.899224432,-0.058190706
0.219,98.570191,-8.350438368,-0.90757487,-0.059098281
0.22,98.746094,-8.347851559,-0.915922722,-0.060014204
0.221,98.962357,-8.344671221,-0.924267393,-0.060938471
0.222,99.206711,-8.341077779,-0.932608471,-0.06187108
0.223,99.46959,-8.337211912,-0.940945683,-0.062812025
0.224,99.744537,-8.333168574,-0.949278852,-0.063761304
0.225,100.027771,-8.329003368,-0.957607855,-0.064718912
0.226,100.317673,-8.324740103,-0.965932595,-0.065684845
0.227,100.614029,-8.320381926,-0.974252977,-0.066659098
0.228,100.917602,-8.315917618,-0.982568895,-0.067641667
0.229,101.229813,-8.311326279,-0.990880221,-0.068632547
0.23,101.552491,-8.306581015,-0.999186802,-0.069631734
0.231,101.887146,-8.301659618,-1.007488461,-0.070639222
0.232,102.23407,-8.296557794,-1.015785019,-0.071655007
0.233,102.59166,-8.291299118,-1.024076318,-0.072679083
0.234,102.956115,-8.285939485,-1.032362258,-0.073711446
0.235,103.322143,-8.280556721,-1.040642815,-0.074752089
0.236,103.684952,-8.275221294,-1.048918036,-0.075801007
0.237,104.041748,-8.269974294,-1.05718801,-0.076858195
0.238,104.393265,-8.264804926,-1.065452815,-0.077923647
0.239,104.743958,-8.259647676,-1.073712463,-0.07899736
0.24,105.100784,-8.254400235,-1.081966863,-0.080079327
0.241,105.471557,-8.248947691,-1.090215811,-0.081169543
0.242,105.863281,-8.243187044,-1.098458998,-0.082268002
0.243,106.28064,-8.237049412,-1.106696047,-0.083374698
0.244,106.726273,-8.230495985,-1.114926543,-0.084489624
0.245,107.201461,-8.223507926,-1.123150051,-0.085612774
0.246,107.707214,-8.216070382,-1.131366121,-0.08674414
0.247,108.245636,-8.208152412,-1.139574274,-0.087883715
0.248,108.820617,-8.199696809,-1.147773971,-0.089031489
0.249,109.437836,-8.190620059,-1.155964591,-0.090187453
0.25,110.104096,-8.180822118,-1.164145413,-0.091351599
0.251,110.826325,-8.170201103,-1.172315614,-0.092523914
0.252,111.610168,-8.158674,-1.180474288,-0.093704388
0.253,112.458786,-8.146194324,-1.188620482,-0.094893009
0.254,113.37233,-8.132759853,-1.196753242,-0.096089762
0.255,114.347305,-8.118421985,-1.204871664,-0.097294634
0.256,115.376709,-8.103283691,-1.212974948,-0.098507609
0.257,116.451095,-8.087483897,-1.221062432,-0.099728671
0.258,117.559829,-8.071178985,-1.229133611,-0.100957805
0.259,118.693115,-8.054513015,-1.237188124,-0.102194993
0.26,119.843964,-8.037588765,-1.245225712,-0.103440219
0.261,121.009751,-8.020444838,-1.253246157,-0.104693465
0.262,122.192887,-8.003045779,-1.261249203,-0.105954714
0.263,123.400039,-7.985293544,-1.269234497,-0.107223949
0.264,124.640381,-7.967053221,-1.27720155,-0.10850115
0.265,125.923202,-7.948188206,-1.285149738,-0.1097863
0.266,127.255737,-7.928592103,-1.29307833,-0.111079378
0.267,128.642105,-7.908204338,-1.300986534,-0.112380365
0.268,130.083252,-7.887011,-1.308873545,-0.113689238
0.269,131.578232,-7.865026,-1.316738571,-0.115005977
0.27,133.126099,-7.84226325,-1.324580835,-0.116330558
0.271,134.727036,-7.818720059,-1.332399555,-0.117662957
0.272,136.383041,-7.794367044,-1.340193922,-0.119003151
0.273,138.097748,-7.769150765,-1.347963073,-0.120351114
0.274,139.875153,-7.743012456,-1.355706085,-0.12170682
0.275,141.718826,-7.715899618,-1.363421985,-0.123070242
0.276,143.63118,-7.687776765,-1.371109761,-0.124441352
0.277,145.612687,-7.658636956,-1.378768398,-0.12582012
0.278,147.66217,-7.6284975,-1.386396896,-0.127206517
0.279,149.776794,-7.597400088,-1.393994296,-0.128600512
0.28,151.952073,-7.565410691,-1.401559707,-0.130002071
0.281,154.182159,-7.532615309,-1.409092322,-0.131411164
0.282,156.460632,-7.499108353,-1.41659143,-0.132827755
0.283,158.781403,-7.464979368,-1.42405641,-0.134251811
0.284,161.140168,-7.430291647,-1.431486701,-0.135683298
0.285,163.535843,-7.395061132,-1.438881762,-0.13712218
0.286,165.971131,-7.359248074,-1.446241011,-0.138568421
0.287,168.452713,-7.322754221,-1.453563765,-0.140021985
0.288,170.990402,-7.285435265,-1.4608492,-0.141482834
0.289,173.595733,-7.247121574,-1.468096322,-0.14295093
0.29,176.280884,-7.207634059,-1.475303956,-0.144426234
0.291,179.058228,-7.166790765,-1.482470746,-0.145908705
0.292,181.940506,-7.124404324,-1.489595151,-0.1473983
0.293,184.941437,-7.080272985,-1.496675424,-0.148894975
0.294,188.076172,-7.034173941,-1.503709598,-0.150398685
0.295,191.360886,-6.985869324,-1.510695467,-0.151909381
0.296,194.811798,-6.935120618,-1.517630588,-0.153427011
0.297,198.443406,-6.881714618,-1.524512302,-0.154951523
0.298,202.266708,-6.825489588,-1.531337792,-0.156482861
0.299,206.288284,-6.766348765,-1.538104141,-0.158020965
0.3,210.510467,-6.704257838,-1.544808398,-0.159565774
0.301,214.932281,-6.639231162,-1.55144763,-0.161117221
0.302,219.551285,-6.571304632,-1.558018934,-0.16267524
0.303,224.36557,-6.500506324,-1.564519441,-0.16423976
0.304,229.375168,-6.426835765,-1.570946276,-0.165810706
0.305,234.583451,-6.350243368,-1.57729652,-0.167388003
0.306,239.997742,-6.270621441,-1.583567141,-0.16897157
0.307,245.629349,-6.187803691,-1.589754945,-0.170561325
0.308,251.493286,-6.101569324,-1.595856514,-0.172157181
0.309,257.607559,-6.011653544,-1.601868168,-0.173759049
0.31,263.991516,-5.917771824,-1.60778594,-0.175366835
0.311,270.664108,-5.819645471,-1.613605585,-0.176980441
0.312,277.642303,-5.717024956,-1.61932261,-0.178599763
0.313,284.939606,-5.609711676,-1.624932322,-0.180224696
0.314,292.565338,-5.497568559,-1.63042989,-0.181855126
0.315,300.524719,-5.380518838,-1.635810409,-0.183490936
0.316,308.819107,-5.258542544,-1.641068952,-0.185132005
0.317,317.446701,-5.131666162,-1.646200618,-0.186778206
0.318,326.403336,-4.999950941,-1.651200569,-0.188429406
0.319,335.683288,-4.863481059,-1.65606405,-0.19008547
0.32,345.280563,-4.722344662,-1.660786394,-0.191746257
0.321,355.190521,-4.576609985,-1.665363004,-0.19341162
0.322,365.411071,-4.426307779,-1.669789312,-0.195081409
0.323,375.94371,-4.271416029,-1.674060728,-0.19675547
0.324,386.793045,-4.111866985,-1.678172595,-0.198433642
0.325,397.965149,-3.947571338,-1.682120166,-0.200115762
0.326,409.464981,-3.778456162,-1.685898623,-0.201801661
0.327,421.293853,-3.604502162,-1.689503125,-0.203491164
0.328,433.447129,-3.425777515,-1.692928902,-0.205184093
0.329,445.914032,-3.242440706,-1.696171343,-0.206880264
0.33,458.679215,-3.054717426,-1.69922606,-0.208579491
0.331,471.7247,-2.862872059,-1.702088933,-0.210281579
0.332,485.032715,-2.667165956,-1.704756098,-0.211986336
0.333,498.587463,-2.467831426,-1.70722393,-0.21369356
0.334,512.37558,-2.265065,-1.709488995,-0.215403048
0.335,526.385361,-2.059038809,-1.711548034,-0.217114597
0.336,540.605682,-1.849916441,-1.71339795,-0.218827994
0.337,555.02481,-1.637870441,-1.715035821,-0.22054303
0.338,569.630554,-1.423080088,-1.716458901,-0.222259489
0.339,584.411743,-1.205709662,-1.71766461,-0.223977154
0.34,599.360291,-0.985878074,-1.718650488,-0.225695804
0.341,614.473755,-0.76362125,-1.71941411,-0.227415218
0.342,629.75647,-0.538875441,-1.719952985,-0.229135171
0.343,645.2193,-0.311480882,-1.720264466,-0.230855436
0.344,660.877746,-0.081209618,-1.720345676,-0.232575782
0.345,676.747956,0.152175824,-1.7201935,-0.234295975
0.346,692.842865,0.388865662,-1.719804634,-0.23601578
0.347,709.168457,0.628947897,-1.719175686,-0.237734955
0.348,725.721527,0.872375397,-1.718303311,-0.239453259
0.349,742.489929,1.118969544,-1.717184341,-0.241170443
0.35,759.455078,1.368457029,-1.715815884,-0.242886259
0.351,776.5961,1.620530882,-1.714195353,-0.244600454
0.352,793.895416,1.874932588,-1.712320421,-0.246312775
0.353,811.343262,2.131518559,-1.710188902,-0.248022964
0.354,828.940857,2.390306721,-1.707798596,-0.249730762
0.355,846.701325,2.651490074,-1.705147105,-0.251435909
0.356,864.6474,2.915402941,-1.702231702,-0.253138141
0.357,882.806976,3.182455529,-1.699049247,-0.25483719
0.358,901.207275,3.453048162,-1.695596199,-0.256532786
0.359,919.86853,3.727478382,-1.69186872,-0.258224655
0.36,938.797943,4.005852103,-1.687862868,-0.259912518
0.361,957.985565,4.288023015,-1.683574845,-0.261596093
0.362,977.401184,4.573546824,-1.679001298,-0.263275094
0.363,996.993622,4.861670912,-1.674139628,-0.264949234
0.364,1016.691589,5.151346897,-1.668988281,-0.266618222
0.365,1036.405884,5.441263,-1.663547018,-0.268281769
0.366,1056.033142,5.729899147,-1.657817119,-0.269939586
0.367,1075.46051,6.015595735,-1.651801523,-0.271591388
0.368,1094.570861,6.296630309,-1.645504892,-0.273236893
0.369,1113.249939,6.571322632,-1.63893357,-0.274875826
0.37,1131.39325,6.838136029,-1.632095434,-0.276507922
0.371,1148.914368,7.095799529,-1.624999634,-0.278132921
0.372,1165.753509,7.343433956,-1.6176562,-0.279750577
0.373,1181.885101,7.58066325,-1.610075537,-0.281360653
0.374,1197.323425,7.807697426,-1.60226784,-0.282962921
0.375,1212.124573,8.025361368,-1.594242478,-0.284557163
0.376,1226.384216,8.235062,-1.586007416,-0.286143171
0.377,1240.229981,8.438676191,-1.57756874,-0.287720739
0.378,1253.80896,8.638367059,-1.568930373,-0.28928967
0.379,1267.272766,8.836364206,-1.560094009,-0.290849764
0.38,1280.760315,9.034710515,-1.551059298,-0.292400823
0.381,1294.383301,9.235048544,-1.54182425,-0.293942647
0.382,1308.214111,9.438442809,-1.532385807,-0.295475033
0.383,1322.279419,9.645285574,-1.522740521,-0.296997774
0.384,1336.55835,9.855269853,-1.512885252,-0.298510659
0.385,1350.986817,10.06745319,-1.502817798,-0.300013477
0.386,1365.464599,10.28036175,-1.492537437,-0.301506014
0.387,1379.866089,10.49214837,-1.482045288,-0.302988059
0.388,1394.05188,10.70076294,-1.471344525,-0.304459404
0.389,1407.880921,10.90413119,-1.460440394,-0.305919844
0.39,1421.221313,11.10031343,-1.449340081,-0.307369184
0.391,1433.959351,11.28763751,-1.438052443,-0.308807237
0.392,1446.006164,11.46479653,-1.426587647,-0.310233825
0.393,1457.300964,11.63089653,-1.41495675,-0.311648781
0.394,1467.812012,11.78547076,-1.403171279,-0.313051953
0.395,1477.536071,11.92847163,-1.391242808,-0.314443195
0.396,1486.495605,12.06022949,-1.379182578,-0.315822378
0.397,1494.737183,12.18142916,-1.367001149,-0.317189379
0.398,1502.329102,12.29307503,-1.354708074,-0.318544087
0.399,1509.35968,12.39646588,-1.342311608,-0.319886399
0.4,1515.935059,12.49316263,-1.329818446,-0.321216217
0.401,1522.175964,12.58494065,-1.317233505,-0.322533451
0.402,1528.213684,12.67373065,-1.304559774,-0.323838011
0.403,1534.184204,12.76153241,-1.291798242,-0.325129809
0.404,1540.22229,12.85032779,-1.278947914,-0.326408757
0.405,1546.455017,12.94198554,-1.266005928,-0.327674763
0.406,1552.997009,13.03819131,-1.252967737,-0.32892773
0.407,1559.947266,13.14040097,-1.239827336,-0.330167558
0.408,1567.387695,13.24981904,-1.226577517,-0.331394135
0.409,1575.38385,13.36740956,-1.213210108,-0.332607345
0.41,1583.986328,13.49391659,-1.199716191,-0.333807062
0.411,1593.233277,13.62990113,-1.18608629,-0.334993148
0.412,1603.151917,13.77576349,-1.172310526,-0.336165458
0.413,1613.759338,13.93175497,-1.158378771,-0.337323837
0.414,1625.061889,14.09796896,-1.144280802,-0.338468118
0.415,1637.054199,14.27432646,-1.130006476,-0.339598124
0.416,1649.716126,14.46053126,-1.115545945,-0.34071367
0.417,1663.01239,14.65606456,-1.10088988,-0.34181456
0.418,1676.890808,14.86015894,-1.086029721,-0.34290059
0.419,1691.283997,15.07182349,-1.070957898,-0.343971548
0.42,1706.110595,15.28986169,-1.055668036,-0.345027216
0.421,1721.277954,15.51291109,-1.040155125,-0.346067371
0.422,1736.684449,15.73947719,-1.024415648,-0.347091787
0.423,1752.222045,15.96797125,-1.008447677,-0.348100234
0.424,1767.77887,16.19674809,-0.992250928,-0.349092485
0.425,1783.241761,16.42414354,-0.975826785,-0.350068312
0.426,1798.499695,16.64852493,-0.95917826,-0.35102749
0.427,1813.448425,16.86835919,-0.942309901,-0.3519698
0.428,1827.993653,17.0822596,-0.925227641,-0.352895028
0.429,1842.05481,17.28904132,-0.9079386,-0.353802966
0.43,1855.566284,17.48773947,-0.89045086,-0.354693417
0.431,1868.477417,17.67760907,-0.872773251,-0.355566191
0.432,1880.749817,17.85808554,-0.854915166,-0.356421106
0.433,1892.35437,18.02874074,-0.836886425,-0.357257992
0.434,1903.266358,18.18921115,-0.818697214,-0.358076689
0.435,1913.462219,18.33915028,-0.800358064,-0.358877047
0.436,1922.917298,18.47819556,-0.781879868,-0.359658927
0.437,1931.605957,18.60596996,-0.763273898,-0.360422201
0.438,1939.503662,18.72211268,-0.744551785,-0.361166753
0.439,1946.590027,18.82632393,-0.725725461,-0.361892478
0.44,1952.852722,18.91842238,-0.706807039,-0.362599285
0.441,1958.2901,18.99838382,-0.687808655,-0.363287094
0.442,1962.913208,19.06637071,-0.668742285,-0.363955836
0.443,1966.745728,19.12273129,-0.649619553,-0.364605456
0.444,1969.823181,19.16798796,-0.630451565,-0.365235908
0.445,1972.191772,19.20282018,-0.611248745,-0.365847156
0.446,1973.905334,19.22801962,-0.592020726,-0.366439177
0.447,1975.023316,19.24446053,-0.572776265,-0.367011953
0.448,1975.607056,19.25304494,-0.55352322,-0.367565476
0.449,1975.717529,19.25466954,-0.534268551,-0.368099745
0.45,1975.412415,19.25018257,-0.515018368,-0.368614763
0.451,1974.744812,19.24036488,-0.495778003,-0.369110541
0.452,1973.762573,19.22592019,-0.476552083,-0.369587093
0.453,1972.509094,19.20748668,-0.457344596,-0.370044438
0.454,1971.023682,19.18564238,-0.438158954,-0.370482597
0.455,1969.341431,19.1609034,-0.41899805,-0.370901595
0.456,1967.493958,19.13373468,-0.399864316,-0.371301459
0.457,1965.508117,19.10453113,-0.380759785,-0.371682219
0.458,1963.407043,19.07363299,-0.361686152,-0.372043905
0.459,1961.209899,19.04132204,-0.34264483,-0.37238655
0.46,1958.933044,19.00783888,-0.323636991,-0.372710187
0.461,1956.591675,18.97340699,-0.304663584,-0.373014851
0.462,1954.200073,18.93823637,-0.285725347,-0.373300576
0.463,1951.773194,18.90254697,-0.2668228,-0.373567399
0.464,1949.326416,18.86656494,-0.247956235,-0.373815355
0.465,1946.875183,18.8305174,-0.229125718,-0.374044481
0.466,1944.434265,18.79462154,-0.210331096,-0.374254812
0.467,1942.016724,18.75906947,-0.191572027,-0.374446384
0.468,1939.632081,18.72400119,-0.172848026,-0.374619232
0.469,1937.285828,18.68949747,-0.154158528,-0.374773391
0.47,1934.97815,18.65556103,-0.135502967,-0.374908893
0.471,1932.704529,18.62212543,-0.116880842,-0.375025774
0.472,1930.455567,18.58905246,-0.098291789,-0.375124066
0.473,1928.217774,18.55614374,-0.079735646,-0.375203802
0.474,1925.973327,18.52313716,-0.061212509,-0.375265014
0.475,1923.700805,18.48971772,-0.042722791,-0.375307737
0.476,1921.374573,18.45550843,-0.024267282,-0.375332004
0.477,1918.966004,18.42008829,-0.005847194,-0.375337852
0.478,1916.443725,18.38299596,0.012535802,-0.375325316
0.479,1913.776001,18.34376472,0.030879567,-0.375294436
0.48,1910.932861,18.30195384,0.04918152,-0.375245255
0.481,1907.887696,18.257172,0.067438692,-0.375177816
0.482,1904.618714,18.20909874,0.085647791,-0.375092168
0.483,1901.10791,18.15746926,0.10380526,-0.374988363
0.484,1897.339721,18.10205472,0.121907315,-0.374866456
0.485,1893.299927,18.04264599,0.139949961,-0.374726506
0.486,1888.973449,17.97902131,0.157928982,-0.374568577
0.487,1884.345459,17.91096263,0.175839945,-0.374392737
0.488,1879.403503,17.83828681,0.193678232,-0.374199058
0.489,1874.140198,17.76088526,0.211439117,-0.373987619
0.49,1868.55658,17.67877324,0.22911789,-0.373758501
0.491,1862.664551,17.59212575,0.246710016,-0.373511791
0.492,1856.486206,17.50126774,0.264211284,-0.37324758
0.493,1850.052429,17.40665337,0.281617937,-0.372965962
0.494,1843.398437,17.30880054,0.298926738,-0.372667035
0.495,1836.559388,17.20822629,0.316134964,-0.372350901
0.496,1829.56543,17.10537397,0.333240338,-0.37201766
0.497,1822.438354,17.00056403,0.350240902,-0.371667419
0.498,1815.190247,16.89397422,0.367134876,-0.371300284
0.499,1807.824219,16.78565028,0.383920527,-0.370916364
0.5,1800.336426,16.67553568,0.400596062,-0.370515768
0.501,1792.720825,16.56354154,0.417159604,-0.370098608
0.502,1784.97229,16.4495925,0.433609196,-0.369664999
0.503,1777.089478,16.33366879,0.449942865,-0.369215056
0.504,1769.075928,16.21582247,0.466158688,-0.368748897
0.505,1760.938721,16.09615766,0.482254845,-0.368266643
0.506,1752.686279,15.97479822,0.498229643,-0.367768413
0.507,1744.324524,15.85183124,0.514081475,-0.367254332
0.508,1735.854981,15.72727913,0.529808754,-0.366724523
0.509,1727.27301,15.60107368,0.545409827,-0.366179113
0.51,1718.569458,15.47308026,0.560882908,-0.36561823
0.511,1709.733276,15.34313641,0.576226044,-0.365042004
0.512,1700.755371,15.2111084,0.591437153,-0.364450567
0.513,1691.632996,15.07695582,0.606514108,-0.363844053
0.514,1682.371704,14.94076035,0.621454869,-0.363222598
0.515,1672.985779,14.80273204,0.636257601,-0.36258634
0.516,1663.497009,14.66319131,0.650920792,-0.361935419
0.517,1653.930664,14.52250976,0.665443302,-0.361269976
0.518,1644.311584,14.38105271,0.679824355,-0.360590152
0.519,1634.660766,14.23912891,0.694063483,-0.359896088
0.52,1624.993286,14.09696009,0.708160444,-0.359187928
0.521,1615.317017,13.95466201,0.722115106,-0.358465813
0.522,1605.634277,13.81226878,0.735927374,-0.357729885
0.523,1595.942871,13.6697481,0.749597122,-0.356980288
0.524,1586.238526,13.52703715,0.76312416,-0.356217164
0.525,1576.516175,13.3840614,0.776508221,-0.355440656
0.526,1566.771057,13.24075084,0.789748972,-0.354650907
0.527,1556.998841,13.09704178,0.802846014,-0.353848061
0.528,1547.196289,12.9528866,0.8157989,-0.353032262
0.529,1537.360901,12.80824854,0.828607149,-0.352203655
0.53,1527.492432,12.663124,0.841270273,-0.351362385
0.531,1517.593689,12.51755425,0.853787827,-0.350508597
0.532,1507.671448,12.37163894,0.866159466,-0.349642437
0.533,1497.736939,12.22554322,0.878385009,-0.348764052
0.534,1487.806213,12.07950313,0.890464512,-0.347873588
0.535,1477.898316,11.93379876,0.902398311,-0.346971189
0.536,1468.033936,11.78873435,0.914187045,-0.346057002
0.537,1458.233704,11.64461329,0.925831659,-0.345131171
0.538,1448.517578,11.50172909,0.937333388,-0.344193837
0.539,1438.903137,11.36034025,0.948693728,-0.343245144
0.54,1429.407166,11.22069362,0.959914422,-0.342285229
0.541,1420.045655,11.08302434,0.970997446,-0.341314232
0.542,1410.834961,10.94757296,0.981945019,-0.340332287
0.543,1401.791016,10.81457376,0.992759593,-0.339339527
0.544,1392.929321,10.68425472,1.003443847,-0.338336083
0.545,1384.261719,10.55678999,1.014000637,-0.337322083
0.546,1375.7948,10.43227647,1.024432914,-0.33629765
0.547,1367.528748,10.31071688,1.034743631,-0.335262906
0.548,1359.458557,10.1920376,1.044935668,-0.33421797
0.549,1351.576355,10.07612287,1.055011791,-0.333162959
0.55,1343.876709,9.962892779,1.064974684,-0.332097984
0.551,1336.360352,9.852358118,1.074827042,-0.331023157
0.552,1329.037293,9.744666074,1.084571708,-0.329938585
0.553,1321.92627,9.640092206,1.0942118,-0.328844373
0.554,1315.052246,9.539003618,1.103750804,-0.327740623
0.555,1308.441895,9.441792574,1.113192597,-0.32662743
0.556,1302.118774,9.3488055,1.122541402,-0.325504889
0.557,1296.100037,9.260294662,1.131801697,-0.324373087
0.558,1290.395081,9.17639825,1.140978095,-0.323232109
0.559,1285.006409,9.097153074,1.150075248,-0.322082034
0.56,1279.931336,9.022519647,1.159097768,-0.320922936
0.561,1275.163696,8.952407294,1.168050175,-0.319754886
0.562,1270.696167,8.886708338,1.176936883,-0.318577949
0.563,1266.519592,8.825288118,1.185762172,-0.317392187
0.564,1262.623535,8.767993162,1.194530165,-0.316197656
0.565,1258.99591,8.714645735,1.20324481,-0.314994412
0.566,1255.62268,8.665039412,1.21190985,-0.313782502
0.567,1252.489441,8.618962368,1.220528812,-0.312561973
0.568,1249.582703,8.576216221,1.229105028,-0.311332868
0.569,1246.891846,8.536644794,1.237641673,-0.310095226
0.57,1244.41095,8.500161029,1.246141834,-0.308849084
0.571,1242.138794,8.466746971,1.254608581,-0.307594476
0.572,1240.078064,8.436442118,1.263045023,-0.306331431
0.573,1238.23407,8.409324559,1.271454348,-0.305059976
0.574,1236.611817,8.385467897,1.279839816,-0.303780137
0.575,1235.214661,8.364921485,1.288204737,-0.302491932
0.576,1234.043213,8.347694309,1.296552432,-0.301195379
0.577,1233.095581,8.333758544,1.30488619,-0.299890493
0.578,1232.368652,8.323068412,1.313209259,-0.298577284
0.579,1231.859131,8.315575456,1.321524834,-0.297255759
0.58,1231.564942,8.311249147,1.329836083,-0.295925923
0.581,1231.485778,8.310084971,1.338146168,-0.294587777
0.582,1231.622803,8.312100044,1.346458268,-0.293241319
0.583,1231.97937,8.317343676,1.354775612,-0.291886543
0.584,1232.55957,8.325876029,1.363101488,-0.290523442
0.585,1233.368835,8.337776985,1.371439265,-0.289152002
0.586,1234.412597,8.353126426,1.379792391,-0.28777221
0.587,1235.695069,8.371986309,1.388164378,-0.286384046
0.588,1237.2193,8.394401471,1.396558779,-0.284987487
0.589,1238.985046,8.420368324,1.404979147,-0.283582508
0.59,1240.990052,8.449853706,1.413429001,-0.282169079
0.591,1243.229737,8.48279025,1.421911791,-0.280747167
0.592,1245.69934,8.519107941,1.430430899,-0.279316736
0.593,1248.394897,8.558748485,1.438989648,-0.277877746
0.594,1251.314819,8.601688515,1.447591336,-0.276430155
0.595,1254.458801,8.647923544,1.45623926,-0.274973916
0.596,1257.828308,8.697475118,1.464936735,-0.273508979
0.597,1261.423584,8.750346824,1.473687082,-0.272035292
0.598,1265.243469,8.806521603,1.482493603,-0.270552798
0.599,1269.283875,8.865939338,1.491359543,-0.269061439
0.6,1273.537658,8.928494971,1.500288038,-0.267561151
0.601,1277.995483,8.994051221,1.509282089,-0.266051869
0.602,1282.646729,9.062451897,1.518344541,-0.264533524
0.603,1287.480347,9.133534515,1.527478075,-0.263006046
0.604,1292.485291,9.207136632,1.536685212,-0.261469361
0.605,1297.65033,9.283093088,1.545968305,-0.259923392
0.606,1302.963806,9.361232441,1.555329537,-0.258368063
0.607,1308.412964,9.441367118,1.564770905,-0.256803292
0.608,1313.984375,9.523299632,1.574294204,-0.255228998
0.609,1319.664063,9.606824456,1.583901029,-0.253645097
0.61,1325.438477,9.691742309,1.593592771,-0.252051504
0.611,1331.295593,9.777876368,1.603370647,-0.250448133
0.612,1337.225281,9.865077662,1.613235725,-0.248834898
0.613,1343.219849,9.953233074,1.623188958,-0.247211709
0.614,1349.273682,10.04226003,1.633231218,-0.245578477
0.615,1355.381592,10.13208224,1.6433633,-0.243935114
0.616,1361.53894,10.22263147,1.653585932,-0.242281528
0.617,1367.739136,10.31381082,1.663899743,-0.240617628
0.618,1373.973144,10.40548741,1.67430523,-0.238943323
0.619,1380.229859,10.49749793,1.684802728,-0.237258521
0.62,1386.496826,10.58965921,1.695392387,-0.235563128
0.621,1392.762085,10.68179537,1.706074183,-0.233857054
0.622,1399.016296,10.77376906,1.716847952,-0.232140206
0.623,1405.2547,10.86551029,1.727713462,-0.230412493
0.624,1411.476807,10.95701187,1.738670474,-0.228673822
0.625,1417.685303,11.04831328,1.749718787,-0.226924103
0.626,1423.884338,11.13947556,1.760858263,-0.225163245
0.627,1430.075927,11.23052834,1.772088791,-0.223391156
0.628,1436.258179,11.32144381,1.783410235,-0.221607746
0.629,1442.423889,11.41211601,1.794822351,-0.219812924
0.63,1448.561097,11.50236907,1.80632472,-0.218006599
0.631,1454.655152,11.59198753,1.817916707,-0.216188682
0.632,1460.691712,11.68076047,1.829597468,-0.214359085
0.633,1466.660034,11.76852991,1.841365998,-0.212517719
0.634,1472.555053,11.85522137,1.853221219,-0.210664498
0.635,1478.378662,11.94086268,1.865162082,-0.208799335
0.636,1484.13855,12.02556691,1.877187649,-0.206922148
0.637,1489.845459,12.10949204,1.889297141,-0.205032851
0.638,1495.51001,12.19279426,1.901489935,-0.203131361
0.639,1501.139526,12.27558126,1.913765516,-0.201217595
0.64,1506.735412,12.35787371,1.92612339,-0.199291472
0.641,1512.292603,12.4395971,1.938562987,-0.197352909
0.642,1517.800965,12.52060243,1.95108359,-0.195401825
0.643,1523.247253,12.6006949,1.963684284,-0.193438141
0.644,1528.618103,12.67967799,1.976363962,-0.191461777
0.645,1533.903198,12.75739997,1.989121362,-0.189472656
0.646,1539.096069,12.83376572,2.001955128,-0.187470701
0.647,1544.194946,12.90874921,2.014863877,-0.185455837
0.648,1549.202088,12.98238365,2.027846261,-0.18342799
0.649,1554.122254,13.05473903,2.040901,-0.181387089
0.65,1558.960755,13.12589346,2.054026893,-0.179333062
0.651,1563.723022,13.19592679,2.06722282,-0.17726584
0.652,1568.413391,13.26490281,2.080487723,-0.175185352
0.653,1573.034668,13.33286276,2.093820586,-0.173091531
0.654,1577.588684,13.39983359,2.107220419,-0.170984311
0.655,1582.075683,13.46581887,2.120686238,-0.168863625
0.656,1586.494995,13.53080875,2.134217047,-0.166729408
0.657,1590.845337,13.59478437,2.147811831,-0.164581596
0.658,1595.125122,13.65772238,2.161469554,-0.162420126
0.659,1599.332763,13.71959946,2.175189153,-0.160244937
0.66,1603.466858,13.78039497,2.188969548,-0.158055968
0.661,1607.525818,13.84008556,2.202809634,-0.155853158
0.662,1611.507507,13.89863981,2.216708274,-0.15363645
0.663,1615.408936,13.95601376,2.230664287,-0.151405785
0.664,1619.226562,14.01215532,2.244676443,-0.149161109
0.665,1622.955933,14.06699901,2.258743442,-0.146902365
0.666,1626.592774,14.12048197,2.272863924,-0.144629502
0.667,1630.13269,14.17253956,2.287036463,-0.142342465
0.668,1633.570618,14.22309732,2.301259561,-0.140041206
0.669,1636.900757,14.27206996,2.31553163,-0.137725674
0.67,1640.115417,14.31934437,2.329850975,-0.135395823
0.671,1643.205017,14.36477966,2.344215754,-0.133051607
0.672,1646.158081,14.40820707,2.358623962,-0.130692983
0.673,1648.962585,14.44944978,2.373073411,-0.12831991
0.674,1651.606812,14.48833547,2.387561747,-0.125932348
0.675,1654.08081,14.52471779,2.402086465,-0.123530262
0.676,1656.377503,14.55849269,2.416644957,-0.121113617
0.677,1658.492431,14.58959457,2.431234552,-0.118682382
0.678,1660.42389,14.61799838,2.44585255,-0.11623653
0.679,1662.172668,14.64371571,2.460496266,-0.113776033
0.68,1663.741517,14.66678701,2.475163053,-0.11130087
0.681,1665.134522,14.68727238,2.489850325,-0.10881102
0.682,1666.356323,14.70524004,2.504555565,-0.106306464
0.683,1667.411316,14.72075465,2.51927632,-0.103787188
0.684,1668.301636,14.73384759,2.534010168,-0.101253178
0.685,1669.025452,14.74449194,2.54875466,-0.098704423
0.686,1669.574341,14.75256384,2.563507223,-0.096140916
0.687,1669.932984,14.757838,2.578265061,-0.093562651
0.688,1670.078552,14.75997871,2.59302504,-0.090969626
0.689,1669.981995,14.75855875,2.607783599,-0.088361842
0.69,1669.610962,14.75310238,2.622536701,-0.085739306
0.691,1668.93219,14.74312044,2.637279822,-0.083102026
0.692,1667.9151,14.72816324,2.652007985,-0.080450018
0.693,1666.532715,14.70783404,2.666715819,-0.077783302
0.694,1664.762329,14.68179896,2.681397618,-0.075101904
0.695,1662.583801,14.64976178,2.69604738,-0.072405857
0.696,1659.977417,14.6114326,2.710658812,-0.069695198
0.697,1656.921448,14.56649188,2.725225304,-0.066969973
0.698,1653.389893,14.51455725,2.739739861,-0.064230233
0.699,1649.35321,14.45519426,2.754195056,-0.061476038
0.7,1644.779968,14.38794071,2.768582996,-0.058707455
0.701,1639.640258,14.31235674,2.782895353,-0.05592456
0.702,1633.908387,14.22806451,2.797123418,-0.053127436
0.703,1627.564575,14.13477316,2.811258191,-0.050316178
0.704,1620.594849,14.03227719,2.825290468,-0.047490887
0.705,1612.987427,13.92040334,2.839210871,-0.044651677
0.706,1604.72937,13.79896132,2.853009833,-0.041798667
0.707,1595.801941,13.6676756,2.866677508,-0.038931989
0.708,1586.179443,13.52616828,2.880203677,-0.036051786
0.709,1575.828796,13.37395288,2.893577629,-0.033158208
0.71,1564.711914,13.21046932,2.906788099,-0.03025142
0.711,1552.788208,13.03512071,2.919823219,-0.027331597
0.712,1540.017029,12.84730925,2.932670529,-0.024398926
0.713,1526.359558,12.64646409,2.945316993,-0.021453609
0.714,1511.78003,12.43205926,2.957749052,-0.01849586
0.715,1496.246033,12.20361813,2.96995267,-0.015525907
0.716,1479.729554,11.96072874,2.981913399,-0.012543994
0.717,1462.208069,11.70305984,2.993616459,-0.009550378
0.718,1443.665039,11.43036822,3.005046827,-0.006545331
0.719,1424.09082,11.14251206,3.016189339,-0.003529141
0.72,1403.481934,10.83944021,3.027028779,-0.000502113
0.721,1381.839905,10.52117507,3.037549954,0.002535437
0.722,1359.167663,10.18775975,3.047737714,0.005583175
0.723,1335.46521,9.839194265,3.057576908,0.008640752
0.724,1310.724121,9.475354721,3.067052263,0.011707804
0.725,1284.921692,9.095907235,3.07614817,0.014783952
0.726,1258.016053,8.700236074,3.084848406,0.017868801
0.727,1229.943542,8.287405029,3.093135811,0.020961937
0.728,1200.619202,7.856164735,3.100991976,0.024062929
0.729,1169.941467,7.405021574,3.108396998,0.027171326
0.73,1137.800354,6.932358147,3.115329356,0.030286655
0.731,1104.087829,6.436585721,3.121765942,0.033408421
0.732,1068.709594,5.916317559,3.127682259,0.036536103
0.733,1031.596191,5.370532221,3.133052791,0.039669156
0.734,992.7117,4.798701471,3.137851493,0.042807007
0.735,952.061524,4.200904765,3.142052398,0.04594906
0.736,909.698304,3.577916235,3.145630314,0.04909469
0.737,865.727875,2.931292279,3.148561606,0.052243252
0.738,820.31485,2.263453676,3.15082506,0.055394077
0.739,773.687561,1.57775825,3.152402818,0.05854648
0.74,726.139832,0.878526941,3.153281345,0.061699761
0.741,678.027832,0.170997529,3.153452343,0.064853213
0.742,629.758026,-0.538852559,3.15291349,0.068006127
0.743,581.765258,-1.244628559,3.151668861,0.071157796
0.744,534.482224,-1.939967294,3.149728894,0.074307525
0.745,488.304413,-2.61905275,3.147109841,0.077454634
0.746,443.557526,-3.277095206,3.143832746,0.080598467
0.747,400.475998,-3.910647088,3.139922099,0.083738389
0.748,359.199173,-4.517659221,3.13540444,0.086873794
0.749,319.787369,-5.097244574,3.130307195,0.090004101
0.75,282.255509,-5.649183691,3.124658012,0.093128759
0.751,246.615661,-6.173299103,3.118484712,0.096247244
0.752,212.916816,-6.668870353,3.111815842,0.099359059
0.753,181.271385,-7.134244338,3.104681598,0.102463741
0.754,151.859787,-7.566767838,3.09711483,0.105560856
0.755,124.911148,-7.963071353,3.089151759,0.108650008
0.756,100.665008,-8.319632235,3.080832126,0.11173084
0.757,79.323211,-8.633482191,3.072198644,0.114803038
0.758,61.004395,-8.902876544,3.063295768,0.117866334
0.759,45.712418,-9.127758559,3.054168009,0.120920502
0.76,33.324967,-9.309926956,3.044858082,0.12396536
0.761,23.604217,-9.452879162,3.035405203,0.127000765
0.762,16.224686,-9.561401676,3.025843801,0.130026609
0.763,10.810775,-9.641018015,3.016202783,0.133042812
0.764,6.975937,-9.697412691,3.006505371,0.136049317
0.765,4.355164,-9.735953471,2.996769417,0.139046087
0.766,2.628342,-9.761347912,2.987008069,0.142033095
0.767,1.532135,-9.777468603,2.977230601,0.145010326
0.768,0.862046,-9.787322853,2.967443278,0.147977769
0.769,0.467835,-9.793120074,2.957650158,0.150935419
0.77,0,-9.8,2.947850158,0.153883269
